id,no,name,cat,price,old,rating,sold,tag,badge,hot,img,specs,status,stok
"p1","001","Monolith MK-75","KEYBOARD","1249000","","4.9","1,2rb","Keyboard mekanik 75% — gasket mount, hot-swap, tri-mode.","LARIS","TRUE","https://images.unsplash.com/photo-1587829741301-dc798b83add3?q=80&w=800&auto=format&fit=crop","Gateron G Pro 3.0 · hot-swap||Keycap PBT double-shot||Tri-mode: USB-C / 2.4G / BT 5.1||Baterai 4.000 mAh","AKTIF",""
"p2","002","Vex VX-2","MOUSE","649000","","4.8","890","Mouse optical 26.000 DPI, 49 gram.","","FALSE","https://images.unsplash.com/photo-1527864550417-7fd91fc51a46?q=80&w=800&auto=format&fit=crop","Sensor optical 26K DPI||49 g — wireless||Baterai 80 jam||Polling 4.000 Hz","AKTIF",""
"p3","003","Echo Pods Pro","AUDIO","899000","","4.9","640","TWS dengan ANC hibrida dan total 36 jam playtime.","BARU","FALSE","https://images.unsplash.com/photo-1590658268037-6bf12165a8df?q=80&w=800&auto=format&fit=crop","ANC hibrida -42 dB||36 jam dengan case||IPX5 — tahan keringat||Multipoint 2 perangkat","AKTIF",""
"p4","004","Flux 20K","DAYA","549000","","4.7","2,1rb","Power bank 20.000 mAh dengan output 65W PD.","","FALSE","https://images.unsplash.com/photo-1572569511254-d8f925fe2cbb?q=80&w=800&auto=format&fit=crop","20.000 mAh||Output 65W USB-C PD||2× USB-A + 1× USB-C||Lolos aturan kabin","AKTIF",""
"p5","005","Ion 65 GaN","DAYA","399000","","4.8","1,5rb","Charger GaN 65W tiga port seukuran saku.","","FALSE","https://images.unsplash.com/photo-1583863788434-e58a36330cf0?q=80&w=800&auto=format&fit=crop","GaN Tech 65W||2× USB-C + 1× USB-A||Ukuran saku 5×5 cm||Proteksi 8 lapis","AKTIF",""
"p6","006","Nexus 7-in-1","PENUNJANG","459000","","4.7","760","Hub USB-C 7 port berbadan aluminium.","","FALSE","https://images.unsplash.com/photo-1531297484001-80022131f5a1?q=80&w=800&auto=format&fit=crop","HDMI 4K@60Hz||3× USB 3.0 + SD/microSD||PD 100W pass-through||Casing aluminium","AKTIF",""
"p7","007","Iris 4K","PENUNJANG","749000","","4.6","320","Webcam 4K dengan autofocus dan auto-framing.","","FALSE","https://images.unsplash.com/photo-1593642632823-8f785ba67e45?q=80&w=800&auto=format&fit=crop","4K30 / 1080p60||Autofocus + auto-framing||Mikrofon dual stereo||Clip universal","AKTIF",""
"p8","008","Vault SSD 1TB","PENUNJANG","1099000","1299000","4.9","510","SSD portable 1TB, baca 1.050 MB/s, IP55.","-15%","FALSE","https://images.unsplash.com/photo-1591488320449-011701bb6704?q=80&w=800&auto=format&fit=crop","1TB NVMe||Baca 1.050 MB/s||IP55 — shockproof||Enkripsi AES-256","AKTIF",""
"p9","009","Aura Studio","AUDIO","1599000","","4.8","430","Headphone over-ear dengan ANC adaptif, 60 jam.","","FALSE","https://images.unsplash.com/photo-1505740420928-5e560c06d30e?q=80&w=800&auto=format&fit=crop","ANC adaptif||60 jam playtime||Driver 40 mm||Memory foam earcup","AKTIF",""
"p10","010","Grid XL","MOUSE","189000","","4.5","3,4rb","Mousepad 90×40 cm dengan permukaan micro-weave.","","FALSE","https://images.unsplash.com/photo-1547394765-185e1e68f34e?q=80&w=800&auto=format&fit=crop","90 × 40 cm||Permukaan micro-weave||Tepi jahit anti-riang||Dasar anti-slip","AKTIF",""
"p11","011","Adaptor Fleco TA200 3.4A Hitam","DAYA","25000","","4.7","5,6rb","Adaptor dinding 3.4A dual port, body hitam kokoh.","LARIS","TRUE","https://images.unsplash.com/photo-1591291621164-2c6367723315?q=80&w=800&auto=format&fit=crop","Output 3.4A maks||Dual USB port||Proteksi overcharge||Plug standar Indonesia","AKTIF",""
"p12","012","Adaptor ROBOT RTK8/RTK8S (10W)","DAYA","35000","","4.6","3,9rb","Adaptor ROBOT 10W original — stabil untuk charger harian.","","FALSE","https://images.unsplash.com/photo-1583863788434-e58a36330cf0?q=80&w=800&auto=format&fit=crop","Output 10W (5V/2A)||Merk ROBOT original||Kabel includet sesuai varian||Proteksi panas","AKTIF",""
"p13","013","Speaker Robot RB120","AUDIO","150000","","4.8","1,1rb","Speaker Bluetooth portable dengan bass menggelegar.","LARIS","TRUE","https://images.unsplash.com/photo-1608043152269-423dbba4e7e1?q=80&w=800&auto=format&fit=crop","Bluetooth 5.0||Bass radiator ganda||Playtime 8 jam||Slot microSD & FM radio","AKTIF",""
"p14","014","KD SIKENAI SQ06L 15W (Lightening) Blue","DAYA","49000","","4.5","2,2rb","Wireless charger pad 15W dengan indikator lightening biru.","BARU","FALSE","https://images.unsplash.com/photo-1615840287214-7ff58936c4cf?q=80&w=800&auto=format&fit=crop","Fast charge 15W||Indikator LED lightening||Case-friendly 5 mm||Micro USB input","AKTIF",""
"p15","015","Earphone Robot RE20 Putih","AUDIO","27000","","4.6","4,8rb","Earphone wired Robot RE20 warna putih, bass jernih.","","FALSE","https://images.unsplash.com/photo-1484704849700-f032a568e944?q=80&w=800&auto=format&fit=crop","Driver 10 mm||Jack 3.5mm||Mikrofon builtin||Kabel anti-kusut","AKTIF",""
"p16","016","Kabel USB Micro","PENUNJANG","15000","","4.8","9,7rb","Kabel data & charge micro USB — tahan banting.","LARIS","TRUE","https://images.unsplash.com/photo-1588508065123-287b28e013da?q=80&w=800&auto=format&fit=crop","Panjang 1 meter||Charge + transfer data||Kepala diperkuat||Cocok semua device micro USB","AKTIF",""
"p17","017","Kabel USB Type C","PENUNJANG","20000","","4.9","8,2rb","Kabel data & charge USB Type C, fast charging 3A.","LARIS","TRUE","https://images.unsplash.com/photo-1601524909162-ae8725290836?q=80&w=800&auto=format&fit=crop","Panjang 1 meter||Fast charge 3A||Transfer data stabil||Kepala diperkuat","AKTIF",""
"p18","018","CCTV Ezviz H6c Pro","CCTV","500000","","4.8","210","Kamera CCTV indoor Ezviz H6c Pro 2K+ dengan night vision.","BARU","FALSE","https://images.unsplash.com/photo-1558002038-1055907df827?q=80&w=800&auto=format&fit=crop","Resolusi 2K+ (4MP)||Night vision inframerah||Two-way talk||Deteksi gerak + notifikasi HP","AKTIF",""